count,encroached,area_m2,area_feddan,patch_id,mean_carbon_potential,rank,centroid_lat,centroid_lon,relative_carbon_loss_share_pct,size_class
171,1,14608.475358257245,3.4775211942062034,KED-ENCR-0171,57.921169420656994,1,31.12021267187772,30.13122638200738,1.287508656342728,"Very Large (>10,000 m²)"
40,1,3416.470281314515,0.8132845845498425,KED-ENCR-0154,44.797531307240035,2,31.14078878060985,30.12850199056806,0.23288401111412438,"Large (2,000–10,000 m²)"
31,1,2648.127887838088,0.6303820644582352,KED-ENCR-0084,52.70845491940534,3,31.128329944434217,30.12206903965376,0.2123866350651345,"Large (2,000–10,000 m²)"
25,1,2135.2585274133,0.5082944388164481,KED-ENCR-0149,80.18839059900786,4,31.14242596058515,30.128077087913088,0.2605372985889434,"Large (2,000–10,000 m²)"
24,1,2049.7191965370575,0.4879319554795261,KED-ENCR-0023,14.149713713289023,5,31.15015296893271,30.11461253984659,0.044131629674178205,"Large (2,000–10,000 m²)"
23,1,1964.4223994174695,0.4676272068656598,KED-ENCR-0139,61.908824310325556,6,31.143249285825675,30.12757887485503,0.18505267944593967,Medium (500–2000 m²)
21,1,1793.8633713653765,0.4270259380563785,KED-ENCR-0074,61.87278354447728,7,31.130001831935857,30.121493206626226,0.16888728745497308,Medium (500–2000 m²)
20,1,1708.337271242494,0.4066666042764154,KED-ENCR-0101,53.87223660483213,8,31.135711053666245,30.122815655170356,0.14003821495497726,Medium (500–2000 m²)
18,1,1537.7308069386468,0.36605404335301517,KED-ENCR-0162,37.09244444488466,9,31.120575938433326,30.12988889015437,0.08679080443158856,Medium (500–2000 m²)
18,1,1537.5790095215546,0.36601790825183467,KED-ENCR-0117,36.390589521033256,10,31.130851667133893,30.1238601961734,0.08514016281548217,Medium (500–2000 m²)
16,1,1366.6374179586085,0.32532557088923103,KED-ENCR-0097,26.82072200919492,11,31.13797143964654,30.122953772028552,0.05577399017528504,Medium (500–2000 m²)
16,1,1366.6242735592398,0.32532244188868387,KED-ENCR-0052,25.3280971393964,12,31.13959402197241,30.118669930501483,0.0526695535483792,Medium (500–2000 m²)
15,1,1281.3352595846566,0.3050195460384392,KED-ENCR-0062,46.048655338446466,13,31.129801636486846,30.12055639227924,0.08978166885582678,Medium (500–2000 m²)
10,1,854.2995362011487,0.20336446278500886,KED-ENCR-0166,8.70395394052446,14,31.12003096043974,30.130096500532854,0.011314482588128892,Medium (500–2000 m²)
10,1,854.1432538347404,0.2033272600497379,KED-ENCR-0061,30.313651710296917,15,31.13889558160545,30.12034977985203,0.039398248511073014,Medium (500–2000 m²)
10,1,854.1382999415429,0.2033260807844028,KED-ENCR-0050,26.527352891242707,16,31.13982084635155,30.11778958119534,0.03447704651176559,Medium (500–2000 m²)
10,1,854.0841484223789,0.20331319011299645,KED-ENCR-0112,36.291091219127864,17,31.1451298889087,30.123700495873063,0.047163782967964904,Medium (500–2000 m²)
9,1,768.875334602297,0.18302938576478864,KED-ENCR-0161,11.928772301438904,18,31.1193332690219,30.129769114710513,0.013955956962148075,Medium (500–2000 m²)
9,1,768.7928382256565,0.18300974765121572,KED-ENCR-0105,42.10327491142742,19,31.130512303538456,30.123171487784266,0.04925305238725558,Medium (500–2000 m²)
8,1,683.3533734193653,0.16267103725201099,KED-ENCR-0063,53.09908274147943,20,31.133361959302242,30.12074728419341,0.055212867797927424,Medium (500–2000 m²)
8,1,683.3354106117126,0.16266676123806786,KED-ENCR-0095,53.16913338075987,21,31.13569757903939,30.122330564831124,0.05528425378045206,Medium (500–2000 m²)
8,1,683.3106481993383,0.16266086659049242,KED-ENCR-0037,31.938678698338354,22,31.140009492713805,30.115750405622453,0.03320802731610706,Medium (500–2000 m²)
8,1,683.2838342980505,0.16265448358968357,KED-ENCR-0082,5.28200940503953,23,31.143018848399713,30.12194878112626,0.005491718400856349,Medium (500–2000 m²)
7,1,598.0130787911027,0.14235593413470735,KED-ENCR-0170,7.287041458116193,24,31.119393156748686,30.130797186425273,0.006630860118487978,Medium (500–2000 m²)
7,1,597.9402045494239,0.14233858655299642,KED-ENCR-0111,46.30515949417781,25,31.13203373598745,30.123649163471082,0.042130351622337435,Medium (500–2000 m²)
7,1,597.9197010360978,0.1423337057286531,KED-ENCR-0104,22.20664560243402,26,31.13531900351397,30.12321283892769,0.02020383293681932,Medium (500–2000 m²)
7,1,597.9182528545922,0.14233336099165933,KED-ENCR-0180,32.877108480556586,27,31.13430519040285,30.133825792343636,0.02991185657926749,Medium (500–2000 m²)
7,1,597.8984728164775,0.14232865238928438,KED-ENCR-0056,12.696991193464338,28,31.139412754662207,30.11936291628726,0.011551442114996766,Medium (500–2000 m²)
7,1,597.8964524674652,0.14232817144884827,KED-ENCR-0013,9.81797407234589,29,31.140477899859935,30.113049043141583,0.00893214575227774,Medium (500–2000 m²)
7,1,597.8947714013951,0.1423277712741042,KED-ENCR-0035,18.662828555717024,30,31.140375235257537,30.115577159036665,0.01697892405135603,Medium (500–2000 m²)
7,1,597.8797784391332,0.1423242022264965,KED-ENCR-0129,45.16364451429934,31,31.14146604647119,30.126177279382734,0.041087601409074505,Medium (500–2000 m²)
6,1,512.5857367243284,0.12202010953176597,KED-ENCR-0173,20.432250960052595,32,31.118824223763056,30.131051709204808,0.015936416632098806,Medium (500–2000 m²)
6,1,512.5762077748952,0.12201784118255089,KED-ENCR-0159,36.14016236490308,33,31.12077057341073,30.129449713603712,0.02818749529530229,Medium (500–2000 m²)
6,1,512.5438832735208,0.12201014639333675,KED-ENCR-0071,36.82722876857227,34,31.1278672642179,30.12148465145577,0.028721560897220184,Medium (500–2000 m²)
6,1,512.5225937156597,0.1220050784525105,KED-ENCR-0116,24.306617382809993,35,31.13156532885089,30.123745411517913,0.018955946909439005,Medium (500–2000 m²)
6,1,512.4818257224911,0.12199537370531326,KED-ENCR-0042,25.73527871038675,36,31.140219099524845,30.116274422798902,0.020068517345610788,Medium (500–2000 m²)
6,1,512.4811307085408,0.12199520825849673,KED-ENCR-0008,23.750818028557646,37,31.14072814482734,30.112785965173153,0.01852099845240535,Medium (500–2000 m²)
6,1,512.4727561452809,0.12199321470882679,KED-ENCR-0153,5.418084481769586,38,31.140323902860814,30.128686145490565,0.0042249784562243846,Medium (500–2000 m²)
5,1,427.159724730611,0.10168460155031529,KED-ENCR-0009,68.52482909166864,39,31.119932145868198,30.112830880767554,0.04453958874723056,Small (<500 m²)
5,1,427.15201720259176,0.10168276678718058,KED-ENCR-0163,2.767758608960515,40,31.119536887091638,30.129970736581445,0.00179894802363915,Small (<500 m²)
5,1,427.12211227745127,0.10167564797372217,KED-ENCR-0177,17.04735168286235,41,31.126076622415358,30.131893131214273,0.011079417294684512,Small (<500 m²)
5,1,427.1220512893565,0.10167563345561627,KED-ENCR-0083,35.709185486057684,42,31.12737019649453,30.121867932607497,0.02320811573088369,Small (<500 m²)
5,1,427.1170655364734,0.10167444660614054,KED-ENCR-0100,20.56439915074105,43,31.1283403769603,30.122784214177326,0.013365059379288838,Small (<500 m²)
5,1,427.1131293779941,0.10167350961071837,KED-ENCR-0102,8.461036535459964,44,31.129184793328466,30.122981843432946,0.005498882449816643,Small (<500 m²)
5,1,427.09778030168434,0.10166985579080429,KED-ENCR-0108,11.67642586651453,45,31.132598391397803,30.12323337171511,0.007588312093990408,Small (<500 m²)
5,1,427.08222003824045,0.10166615169817404,KED-ENCR-0140,8.522161651127004,46,31.13563469712642,30.12754528522779,0.0055382072402138625,Small (<500 m²)
5,1,427.07860362243304,0.10166529081691786,KED-ENCR-0119,4.123678375220518,47,31.136820473284182,30.12423948506667,0.0026797886480830245,Small (<500 m²)
5,1,427.07241913715063,0.10166381861135791,KED-ENCR-0073,17.505657463476062,48,31.13858117120287,30.121472673889148,0.011375955775128123,Small (<500 m²)
5,1,427.0708347187937,0.10166344144342754,KED-ENCR-0055,13.581094197030541,49,31.13919202559608,30.119101121539067,0.008825567054859512,Small (<500 m²)
5,1,427.0701830649489,0.10166328631840586,KED-ENCR-0058,14.888140356307455,50,31.139245924672487,30.120017403095023,0.009674925940213411,Small (<500 m²)
5,1,427.06865729148825,0.10166292311078721,KED-ENCR-0045,21.603342433450283,51,31.140036442018605,30.11676550181831,0.014038690285007033,Small (<500 m²)
4,1,341.726894394042,0.0813474704746543,KED-ENCR-0003,32.51593374862304,52,31.120246556121167,30.112314349502082,0.01690765328477883,Small (<500 m²)
4,1,341.72523713966496,0.08134707596824078,KED-ENCR-0168,31.71171202412874,53,31.118405009883926,30.130774728728515,0.016489393657834153,Small (<500 m²)
4,1,341.72509724086854,0.08134704266558479,KED-ENCR-0002,15.017845058583427,54,31.120763087542205,30.11204485493768,0.007808946344354888,Small (<500 m²)
4,1,341.7172352199388,0.08134517112569155,KED-ENCR-0141,32.99159193161463,55,31.121055039983545,30.127697998799693,0.017154501391963492,Small (<500 m²)
4,1,341.71616158568327,0.08134491554899467,KED-ENCR-0147,15.877034592995864,56,31.121324534568775,30.12796749338493,0.00825548997029133,Small (<500 m²)
4,1,341.6913941914718,0.08133901971550188,KED-ENCR-0057,65.5960377692605,57,31.129274624799773,30.120241981984503,0.034105120771843175,Small (<500 m²)
4,1,341.6838376739623,0.08133722090014647,KED-ENCR-0107,22.806508150355167,58,31.13102633963727,30.123296253907505,0.011857446574729561,Small (<500 m²)
4,1,341.66827143913866,0.08133351538604006,KED-ENCR-0076,47.110717343131675,59,31.13560774758626,30.121769117924504,0.02449245458143065,Small (<500 m²)
4,1,341.6679062240895,0.08133342844725673,KED-ENCR-0179,34.366612653545864,60,31.134260274660097,30.133447216618055,0.017866885653048586,Small (<500 m²)
4,1,341.65742380367203,0.08133093312599464,KED-ENCR-0079,15.104611380008125,61,31.138662019564023,30.12181403371799,0.007852507529851432,Small (<500 m²)
4,1,341.6569883550395,0.08133082946823354,KED-ENCR-0070,5.111011611850699,62,31.13886414052264,30.121387333951816,0.0026570829931110533,Small (<500 m²)
4,1,341.6557235382671,0.08133052838088357,KED-ENCR-0044,10.662184087003478,63,31.139762455833463,30.116828383910036,0.005542973735824072,Small (<500 m²)
4,1,341.65484420882893,0.08133031905809779,KED-ENCR-0018,14.176933261099478,64,31.14041373447126,30.113594448823303,0.007370175362740714,Small (<500 m²)
4,1,341.65400854261924,0.08133012012926476,KED-ENCR-0020,27.20636847094844,65,31.14059339752807,30.114043606465366,0.014143765260971684,Small (<500 m²)
4,1,341.6532348606893,0.08132993595567764,KED-ENCR-0094,12.834669609836299,66,31.13976245573379,30.12237548077438,0.006672340091186314,Small (<500 m²)
4,1,341.64761539575966,0.08132859825219294,KED-ENCR-0143,59.027263154210516,67,31.140705686782105,30.127720456714894,0.030685908433931125,Small (<500 m²)
4,1,341.64596718828426,0.08132820589937804,KED-ENCR-0156,15.881513892603332,68,31.140997639184278,30.12902301378663,0.008256122747278574,Small (<500 m²)
4,1,341.62808836997334,0.08132394987894614,KED-ENCR-0030,7.478580167712595,69,31.147779919652614,30.115031753336645,0.0038875918947274025,Small (<500 m²)
4,1,341.62558248617904,0.08132335335783145,KED-ENCR-0027,5.642462718940834,70,31.1485210298215,30.114560137733196,0.002933101062004608,Small (<500 m²)
3,1,256.2951419477331,0.06101059598882438,KED-ENCR-0012,67.60343841759293,71,31.120141752770923,30.113160263100863,0.026364352115929388,Small (<500 m²)
3,1,256.2724234644161,0.06100518789487222,KED-ENCR-0090,22.090533181579232,72,31.127567825736975,30.12223324743304,0.008614221163860838,Small (<500 m²)
3,1,256.2696930009184,0.06100453791296444,KED-ENCR-0069,41.04301143114598,73,31.128675747973155,30.121484651434326,0.016004584762336987,Small (<500 m²)
3,1,256.268447697206,0.06100424147066318,KED-ENCR-0124,10.393782795267516,74,31.128735635604567,30.124868305662368,0.0040530010738490645,Small (<500 m²)
3,1,256.2676061706197,0.06100404114677806,KED-ENCR-0067,25.39622242418626,75,31.129544119478467,30.120915718396517,0.009903091182775926,Small (<500 m²)
3,1,256.2517501228914,0.06100026664323274,KED-ENCR-0091,38.63086462024642,76,31.13532328107255,30.122323078998875,0.015062921483692345,Small (<500 m²)
3,1,256.25172745992893,0.06100026124835543,KED-ENCR-0099,58.403072551457704,77,31.135293337296844,30.122712348964768,0.022772485863161846,Small (<500 m²)
3,1,256.2502537042886,0.06099991042348502,KED-ENCR-0088,62.99684090180754,78,31.135922157879286,30.122113472061812,0.024563543586709004,Small (<500 m²)
3,1,256.24207747973054,0.06099796408798512,KED-ENCR-0051,26.778600996284883,79,31.1395154191322,30.11795127795892,0.010441100466684314,Small (<500 m²)
3,1,256.2411119702665,0.06099773425019973,KED-ENCR-0019,18.436077965540715,80,31.140353846663604,30.11405857838497,0.007188285040400743,Small (<500 m²)
3,1,256.2404354859574,0.06099757321433083,KED-ENCR-0026,10.67866298622735,81,31.140563453566337,30.114597567589417,0.004163633441275556,Small (<500 m²)
3,1,256.2381980923455,0.060997040606819486,KED-ENCR-0047,5.986389157677717,82,31.141102442736795,30.117023018856543,0.0023340855016051243,Small (<500 m²)
3,1,256.23741825648176,0.06099685496829954,KED-ENCR-0046,6.151807280802443,83,31.14140188122887,30.116873299617968,0.002398574517100692,Small (<500 m²)
3,1,256.2232322009509,0.06099347800338288,KED-ENCR-0038,5.136451596303135,84,31.146881604462024,30.115705489748613,0.002002578960061975,Small (<500 m²)
3,1,256.2226679850704,0.06099334369281081,KED-ENCR-0036,15.43539083956859,85,31.147121155140407,30.115585714401952,0.00601787445856536,Small (<500 m²)
3,1,256.2224759958291,0.060993297990118406,KED-ENCR-0041,11.78405667005861,86,31.147121155149325,30.116064815806837,0.004594306762496138,Small (<500 m²)
3,1,256.2197369456404,0.06099264596416432,KED-ENCR-0028,12.564093355853425,87,31.148318908916593,30.114717342936075,0.004898371046265926,Small (<500 m²)
3,1,256.2168163087343,0.06099195071181988,KED-ENCR-0025,4.793818689953613,88,31.149456774876015,30.114477792184218,0.0018689478291608898,Small (<500 m²)
3,1,256.21672148522083,0.06099192813925363,KED-ENCR-0040,1.620955766983683,89,31.149307055729118,30.11588515280544,0.0006319556154752374,Small (<500 m²)
2,1,170.86221159931506,0.040673441105523206,KED-ENCR-0165,11.321051233292142,90,31.118719420221286,30.13016836583427,0.002943341968189075,Small (<500 m²)
2,1,170.86170353210423,0.04067332016104061,KED-ENCR-0160,10.798806395634118,91,31.119078746346695,30.129584460936695,0.0028075560213112467,Small (<500 m²)
2,1,170.8613744102269,0.040673241814171694,KED-ENCR-0155,7.10620292597705,92,31.11934824092019,30.128910724436505,0.0018475212585414738,Small (<500 m²)
2,1,170.8612171967977,0.04067320438979861,KED-ENCR-0167,3.875011773280289,93,31.119258409391772,30.130348028891095,0.001007452237924625,Small (<500 m²)
2,1,170.86039630691076,0.04067300897844254,KED-ENCR-0128,8.034720667768726,94,31.1202465562043,30.126125947055737,0.002088911957319208,Small (<500 m²)
2,1,170.8581401411642,0.04067247190225841,KED-ENCR-0142,50.4672001527488,95,31.12132453454919,30.12769799875582,0.013120573837897661,Small (<500 m²)
2,1,170.85140676982928,0.04067086903536427,KED-ENCR-0152,11.42556608972551,96,31.12500762721014,30.12864122985127,0.002970326771520615,Small (<500 m²)
2,1,170.8482753870717,0.04067012361535023,KED-ENCR-0080,33.49970727011568,97,31.127612741534072,30.121903865220375,0.008708824825088075,Small (<500 m²)
2,1,170.8476278073196,0.040669969460158974,KED-ENCR-0065,66.776867281917,98,31.12810681498465,30.12087080263774,0.01735972886418479,Small (<500 m²)
2,1,170.84760955251681,0.04066996511463611,KED-ENCR-0098,7.4882930151181295,99,31.12788223612325,30.122757264693146,0.0019467029197323066,Small (<500 m²)
2,1,170.84747882115803,0.040669933994272094,KED-ENCR-0068,24.041744588318736,100,31.128151730704545,30.121185212993083,0.006250035686156229,Small (<500 m²)
2,1,170.84374827654656,0.04066904594486008,KED-ENCR-0081,1.5612154243648315,101,31.13017294013813,30.121858949450274,0.0004058540351239544,Small (<500 m²)
2,1,170.84118260707896,0.04066843519187374,KED-ENCR-0109,4.923368229446741,102,31.131430581535916,30.123386085433275,0.0012798610770576274,Small (<500 m²)
2,1,170.83955094040547,0.04066804677656689,KED-ENCR-0110,19.720168645472356,103,31.132328896820017,30.12356574849011,0.005126335072504881,Small (<500 m²)
2,1,170.83747165901127,0.04066755180738361,KED-ENCR-0118,8.502838481617513,104,31.133451790880848,30.123969990373855,0.002210319262228609,Small (<500 m²)
2,1,170.83727952706846,0.04066750607072137,KED-ENCR-0066,57.38354053945791,105,31.133945864331437,30.12087080263774,0.014916877771783561,Small (<500 m²)
2,1,170.83359076469526,0.040666627967495775,KED-ENCR-0174,0.9474708795401181,106,31.134754348087153,30.131111596876714,0.00024629017309778044,Small (<500 m²)
2,1,170.83317193010228,0.04066652826467681,KED-ENCR-0106,15.546236410859462,107,31.135967073676383,30.123251338146556,0.004041154142054436,Small (<500 m²)
2,1,170.8296214302336,0.040665683074590876,KED-ENCR-0005,24.80046972624134,108,31.139290840227627,30.112651217793957,0.0064466045248732645,Small (<500 m²)
2,1,170.82911989683862,0.040665563685471355,KED-ENCR-0078,16.226023228276667,109,31.13843744075204,30.121769117921865,0.004217760744807151,Small (<500 m²)
2,1,170.8290406600503,0.0406655448232969,KED-ENCR-0089,5.618343291512424,110,31.138437440752025,30.12212844403551,0.0014604204900336402,Small (<500 m²)
2,1,170.8278598340169,0.040665263729790756,KED-ENCR-0011,6.267104571437603,111,31.140234071320286,30.11305545966589,0.0016290468895567693,Small (<500 m²)
2,1,170.82768045846393,0.0406652210297641,KED-ENCR-0004,11.212782910343362,112,31.140413734377105,30.11242663896701,0.00291460430171981,Small (<500 m²)
2,1,170.82754364258548,0.04066518846099116,KED-ENCR-0049,4.537139023785016,113,31.13987474520664,30.117367373029676,0.0011793641623930285,Small (<500 m²)
2,1,170.8270238467452,0.040665064724529486,KED-ENCR-0014,4.744982386706839,114,31.140683228962338,30.113235122722717,0.0012333863081945302,Small (<500 m²)
2,1,170.82696422340248,0.04066505053130036,KED-ENCR-0017,6.103022778237386,115,31.14068322896234,30.113504617307953,0.001586387786622889,Small (<500 m²)
2,1,170.82422295740656,0.04066439797787736,KED-ENCR-0158,6.569822750467042,116,31.140278987040144,30.12918021902174,0.0017076979233965248,Small (<500 m²)
2,1,170.8238992178148,0.04066432091225182,KED-ENCR-0126,16.270586773302362,117,31.14090780773903,30.125586957885265,0.0042292152532865356,Small (<500 m²)
2,1,170.82383046317534,0.04066430454533398,KED-ENCR-0130,56.8710042403852,118,31.140862892019157,30.12626069434247,0.014782479891347166,Small (<500 m²)
2,1,170.81999517705293,0.04066339156239432,KED-ENCR-0114,8.855407457616012,119,31.143333259006155,30.123790327317028,0.0023017343439352576,Small (<500 m²)
2,1,170.8194026002567,0.040663250500557434,KED-ENCR-0137,76.18521654384529,120,31.143243427477746,30.127203925396678,0.01980230971175193,Small (<500 m²)
2,1,170.81243168631843,0.040661591087075274,KED-ENCR-0034,7.5713277083863355,121,31.14863331918637,30.115480910891737,0.001967883856948076,Small (<500 m²)
1,1,85.43139782605442,0.020336790069118347,KED-ENCR-0006,51.18848637283566,122,31.120560966574523,30.11274104931972,0.006654229017188946,Small (<500 m²)
1,1,85.43124865206312,0.02033675455851894,KED-ENCR-0015,48.46062963888094,123,31.120650798102933,30.1133698700186,0.006299611254678684,Small (<500 m²)
1,1,85.43058213995674,0.020336595896514913,KED-ENCR-0010,0.8105035973514567,124,31.121459281858648,30.11292071237654,0.00010536011990194805,Small (<500 m²)
1,1,85.42986024219393,0.02033642405005533,KED-ENCR-0131,3.8080772582669704,125,31.120560966574523,30.12666493622357,0.000495020734626613,Small (<500 m²)
1,1,85.42969121062869,0.020336383812396285,KED-ENCR-0133,14.948266998518653,126,31.12074062963135,30.12675476775198,0.0019431558154139495,Small (<500 m²)
1,1,85.42934456574977,0.02033630129420847,KED-ENCR-0157,1.8613542120573232,127,31.120830461159745,30.129180219019105,0.00024196026107221736,Small (<500 m²)
1,1,85.42895864723891,0.020336209427003454,KED-ENCR-0176,49.557549741153096,128,31.120920292688158,30.131964996399873,0.006442032058081361,Small (<500 m²)
1,1,85.42893888543463,0.02033620472274161,KED-ENCR-0178,48.59782617200173,129,31.120920292688176,30.1321446594567,0.006317275235919851,Small (<500 m²)
1,1,85.42886864338884,0.020336188001749377,KED-ENCR-0175,7.216603124942915,130,31.121099955745002,30.13133617570099,0.0009380919747839745,Small (<500 m²)
1,1,85.4288285886871,0.020336178466799918,KED-ENCR-0172,14.137749553796198,131,31.121189787273405,30.130976849587345,0.0018377764371912283,Small (<500 m²)
1,1,85.42730982655644,0.02033581692821572,KED-ENCR-0048,1.2746432635419191,132,31.12460338535305,30.117322457268727,0.00016568886733255117,Small (<500 m²)
1,1,85.42463522487543,0.020335180244112575,KED-ENCR-0086,6.516594224000085,133,31.12702883662019,30.122083528274562,0.0008470552836833073,Small (<500 m²)
1,1,85.42379933991587,0.020334981263206528,KED-ENCR-0075,84.6396419403795,134,31.128016983432712,30.121724202160916,0.011001721438516559,Small (<500 m²)
1,1,85.42375505187314,0.020334970720517886,KED-ENCR-0169,6.037214556386976,135,31.12693900509178,30.13079718653052,0.0007847353421619481,Small (<500 m²)
1,1,85.42284559908427,0.020334754226922838,KED-ENCR-0121,2.4233887438922648,136,31.12873563566001,30.124598811070097,0.000314996018605708,Small (<500 m²)
1,1,85.42257565993354,0.020334689968395186,KED-ENCR-0085,6.721256473520974,137,31.1293644563589,30.121993696746152,0.0008736371100985889,Small (<500 m²)
1,1,85.42211728317749,0.020334580852635665,KED-ENCR-0060,50.943732463017135,138,31.130083108586188,30.120376729234735,0.006621692917295476,Small (<500 m²)
1,1,85.42132375852353,0.020334391955523914,KED-ENCR-0125,40.97564650154394,139,31.130352603171442,30.125407294825806,0.005325986428812442,Small (<500 m²)
1,1,85.42045686021322,0.02033418559194569,KED-ENCR-0103,4.5579093454188015,140,31.1316102445692,30.123161506615507,0.0005924279183250201,Small (<500 m²)
1,1,85.41888354486842,0.020333811067067324,KED-ENCR-0064,34.227618371656845,141,31.13367636972268,30.12082588687679,0.004448755270354693,Small (<500 m²)
1,1,85.41846751409169,0.020333712031691757,KED-ENCR-0122,5.819559995472467,142,31.13367636972268,30.124598811070097,0.0007563971242227752,Small (<500 m²)
1,1,85.41725091805364,0.02033342242320057,KED-ENCR-0181,8.933344233349127,143,31.133856032779487,30.134210784610172,0.0011610945934746623,Small (<500 m²)
1,1,85.41721205185841,0.02033341317117294,KED-ENCR-0072,3.9147050578414007,144,31.13547300029091,30.12154453910409,0.0005088061862137458,Small (<500 m²)
1,1,85.41686387251178,0.020333330287707854,KED-ENCR-0077,19.191719609799282,145,31.135832326404557,30.121814033689326,0.0024943963117337363,Small (<500 m²)
1,1,85.41675150137524,0.020333303537961603,KED-ENCR-0007,20.61152957106967,146,31.13708996780233,30.11274104931972,0.002678929077185313,Small (<500 m²)
1,1,85.4166838084953,0.020333287423793703,KED-ENCR-0182,9.786338423273104,147,31.134484853478394,30.13430061613859,0.0012719524620409398,Small (<500 m²)
1,1,85.41666851822349,0.020333283783972093,KED-ENCR-0145,2.812947006281016,148,31.13529333723407,30.12792257762134,0.00036560499698661686,Small (<500 m²)
1,1,85.41656862481078,0.020333260004525483,KED-ENCR-0138,6.415950939864374,149,31.13547300029091,30.12738358845086,0.0008338944798942585,Small (<500 m²)
1,1,85.41627367097982,0.020333189791298344,KED-ENCR-0001,39.047258487941086,150,31.13771878850121,30.11202239709242,0.005075035824801498,Small (<500 m²)
1,1,85.41624969703142,0.020333184084343193,KED-ENCR-0132,29.85687284515814,151,31.135922157932967,30.12666493622357,0.0038805453351812,Small (<500 m²)
1,1,85.4158490580574,0.020333088712958487,KED-ENCR-0092,15.41726348641733,152,31.136910304745502,30.122353022859798,0.0020037969012206888,Small (<500 m²)
1,1,85.41584036143009,0.02033308664274205,KED-ENCR-0123,0.15268443367691253,153,31.13664081016027,30.124598811070097,1.9844544019486565e-05,Small (<500 m²)
1,1,85.41558048385976,0.02033302477935545,KED-ENCR-0096,27.24573265882409,154,31.137179799330738,30.122622517445034,0.0035411435406689485,Small (<500 m²)
1,1,85.41542204799349,0.020332987063983423,KED-ENCR-0120,8.929066238084674,155,31.137179799330738,30.124059821899625,0.0011605137207875008,Small (<500 m²)
1,1,85.41529254246728,0.02033295623542664,KED-ENCR-0113,6.088659939277517,156,31.137359462387558,30.12379032731439,0.0007913439657647943,Small (<500 m²)
1,1,85.41454917300813,0.02033277927766849,KED-ENCR-0150,6.888069392821099,157,31.137628956972787,30.128371735263396,0.0008952355305660261,Small (<500 m²)
1,1,85.41449556281161,0.020332766515857963,KED-ENCR-0093,7.568993553716624,158,31.13843744072851,30.122353022859798,0.0009837339493149503,Small (<500 m²)
1,1,85.41396484188336,0.02033264017869882,KED-ENCR-0016,4.36655806926898,159,31.14014423976833,30.11345970154701,0.0005675133283874909,Small (<500 m²)
1,1,85.41386608932837,0.02033261667083133,KED-ENCR-0043,12.17927483366969,160,31.13987474518308,30.11651397351302,0.0015829155818527464,Small (<500 m²)
1,1,85.4137761237853,0.020332595254696165,KED-ENCR-0032,21.30449122410939,161,31.14014423976833,30.115166500586838,0.0027688984822437767,Small (<500 m²)
1,1,85.41358501368062,0.020332549761280655,KED-ENCR-0164,1.5724674285935585,162,31.13852727225692,30.1298988712464,0.0002043697213274153,Small (<500 m²)
1,1,85.41245932801571,0.02033228179383972,KED-ENCR-0151,1.0441539340151158,163,31.13996457671151,30.12855139832022,0.00013570432829006747,Small (<500 m²)
1,1,85.4119305608138,0.020332155921761606,KED-ENCR-0134,10.905421948703125,164,31.14077306046721,30.126844599280396,0.0014173233948430429,Small (<500 m²)
1,1,85.41171097331483,0.020332103649353776,KED-ENCR-0127,41.829952554124944,165,31.141132386580875,30.125946283996278,0.005436416694172687,Small (<500 m²)
1,1,85.41165885931008,0.020332091243709,KED-ENCR-0087,1.859122164668367,166,31.141671375751322,30.122083528274562,0.0002416200829456532,Small (<500 m²)
1,1,85.4116329118636,0.020332085066966196,KED-ENCR-0148,76.98574277397057,167,31.140952723524045,30.128102240678167,0.01000541882467215,Small (<500 m²)
1,1,85.41077679561435,0.020331881270038148,KED-ENCR-0146,77.47524402174929,168,31.141940870336565,30.12792257762134,0.010068935716887021,Small (<500 m²)
1,1,85.4105928595048,0.02033183748437923,KED-ENCR-0059,60.04932895761037,169,31.143108680205913,30.12019706617791,0.007804190082208851,Small (<500 m²)
1,1,85.40999044202799,0.020331694079986095,KED-ENCR-0144,97.99286761953228,170,31.142839185620698,30.127832746092924,0.01273535583017604,Small (<500 m²)
1,1,85.40979850648128,0.0203316483900756,KED-ENCR-0115,0.13641065440582195,171,31.14355783784799,30.12379032731439,1.7728171050810543e-05,Small (<500 m²)
1,1,85.40970102887786,0.02033162518570803,KED-ENCR-0135,15.205128183367869,172,31.143288343262746,30.126844599280396,0.0019760832232091213,Small (<500 m²)
1,1,85.40960163246255,0.020331601524570753,KED-ENCR-0136,33.17654426711078,173,31.143378174791163,30.127024262337216,0.004311672709627885,Small (<500 m²)
1,1,85.40799400074795,0.020331218830742483,KED-ENCR-0054,5.917755472779182,174,31.14625278370035,30.118490267138082,0.00076906576832988,Small (<500 m²)
1,1,85.40784463973672,0.020331183275623322,KED-ENCR-0053,29.007065766137575,175,31.146432446757156,30.118400435609672,0.0037697235734638333,Small (<500 m²)
1,1,85.40728608363307,0.02033105031235091,KED-ENCR-0033,20.93380283563983,176,31.1474205935697,30.115525826700484,0.002720514187009439,Small (<500 m²)
1,1,85.40717664952972,0.02033102426176011,KED-ENCR-0039,4.914464848184917,177,31.14751042509811,30.115795321285727,0.0006386729785757951,Small (<500 m²)
1,1,85.40699705018052,0.02033098150845917,KED-ENCR-0024,11.262895333419094,178,31.147869751211754,30.114537679887956,0.0014636978807815474,Small (<500 m²)
1,1,85.4068576338612,0.020330948320655965,KED-ENCR-0021,5.272585625023764,179,31.14804941426858,30.11435801683113,0.0006852110029711306,Small (<500 m²)
1,1,85.40581231186617,0.020330699483641607,KED-ENCR-0022,1.0616351056628919,180,31.149217224137935,30.114447848359546,0.00013796554553168256,Small (<500 m²)
1,1,85.40559345642042,0.020330647385497728,KED-ENCR-0031,0.09091194694870224,181,31.14939688719475,30.11498683753002,1.181449647629589e-05,Small (<500 m²)
1,1,85.40456794215203,0.02033040326367695,KED-ENCR-0029,36.39132354641229,182,31.15056469706411,30.114897006001602,0.0047291914389384244,Small (<500 m²)
